{"score": 0.9983754754066467, "top": 10.40164184570312, "left": 161.2595367431641, "width": 297.5687866210938, "height": 948.8627319335938}